{"cameraMode":{"drawMode":0,"name":"Shaded","section":"Shading Mode"},"sceneLighting":true,"audioPlay":false,"sceneViewState":{"showFog":false,"showMaterialUpdate":false,"showSkybox":false,"showFlares":false,"showImageEffects":false,"showParticleSystems":true},"in2DMode":false,"pivot":{"x":49.60162353515625,"y":-19.046110153198243,"z":24.42277717590332},"rotation":{"x":-0.10956331342458725,"y":-0.5654831528663635,"z":0.0761227160692215,"w":-0.8138980865478516},"size":81.66506958007813,"orthographic":false}