{"cameraMode":{"drawMode":0,"name":"Shaded","section":"Shading Mode"},"sceneLighting":true,"audioPlay":false,"sceneViewState":{"showFog":false,"showMaterialUpdate":false,"showSkybox":false,"showFlares":false,"showImageEffects":false,"showParticleSystems":true},"in2DMode":false,"pivot":{"x":3.911844253540039,"y":-14.160073280334473,"z":17.215831756591798},"rotation":{"x":-0.22265446186065675,"y":-0.40669235587120058,"z":0.10289725661277771,"w":-0.880021870136261},"size":45.272274017333987,"orthographic":false}