{"cameraMode":{"drawMode":0,"name":"Shaded","section":"Shading Mode"},"sceneLighting":true,"audioPlay":false,"sceneViewState":{"showFog":false,"showMaterialUpdate":false,"showSkybox":false,"showFlares":false,"showImageEffects":false,"showParticleSystems":true},"in2DMode":false,"pivot":{"x":-8.454790115356446,"y":-0.5424194931983948,"z":89.377685546875},"rotation":{"x":-0.035750553011894229,"y":0.17359822988510133,"z":-0.006306161638349295,"w":-0.9841472506523132},"size":112.41551971435547,"orthographic":false}