{"cameraMode":{"drawMode":0,"name":"Shaded","section":"Shading Mode"},"sceneLighting":false,"audioPlay":false,"sceneViewState":{"showFog":false,"showMaterialUpdate":false,"showSkybox":false,"showFlares":false,"showImageEffects":false,"showParticleSystems":true},"in2DMode":false,"pivot":{"x":2.0806920528411867,"y":0.23783257603645326,"z":-1.0656819343566895},"rotation":{"x":-0.07224757969379425,"y":-0.0027101633604615928,"z":0.00019616329518612474,"w":-0.9973830580711365},"size":6.729040622711182,"orthographic":false}