{"cameraMode":{"drawMode":0,"name":"Shaded","section":"Shading Mode"},"sceneLighting":false,"audioPlay":false,"sceneViewState":{"showFog":false,"showMaterialUpdate":false,"showSkybox":false,"showFlares":false,"showImageEffects":false,"showParticleSystems":true},"in2DMode":false,"pivot":{"x":-3.362569808959961,"y":1.557868242263794,"z":-10.919395446777344},"rotation":{"x":-0.12652608752250672,"y":0.12021941691637039,"z":-0.015449153259396553,"w":-0.9845302700996399},"size":2.2753214836120607,"orthographic":false}