{"cameraMode":{"drawMode":0,"name":"Shaded","section":"Shading Mode"},"sceneLighting":false,"audioPlay":false,"sceneViewState":{"showFog":false,"showMaterialUpdate":false,"showSkybox":false,"showFlares":false,"showImageEffects":false,"showParticleSystems":true},"in2DMode":false,"pivot":{"x":0.07987421751022339,"y":-0.23733288049697877,"z":2.2317140102386476},"rotation":{"x":-0.09168189764022827,"y":0.0002815781335812062,"z":-0.000026073474145960063,"w":-0.9957883358001709},"size":5.601840972900391,"orthographic":false}