{"cameraMode":{"drawMode":0,"name":"Shaded","section":"Shading Mode"},"sceneLighting":false,"audioPlay":false,"sceneViewState":{"showFog":false,"showMaterialUpdate":false,"showSkybox":false,"showFlares":false,"showImageEffects":false,"showParticleSystems":true},"in2DMode":false,"pivot":{"x":-1.3363171815872193,"y":-2.0565314292907717,"z":-4.999784469604492},"rotation":{"x":-0.1711292713880539,"y":-0.4085262715816498,"z":0.07827551662921906,"w":-0.8931371569633484},"size":2.2753210067749025,"orthographic":false}