{"cameraMode":{"drawMode":0,"name":"Shaded","section":"Shading Mode"},"sceneLighting":false,"audioPlay":false,"sceneViewState":{"showFog":false,"showMaterialUpdate":false,"showSkybox":false,"showFlares":false,"showImageEffects":false,"showParticleSystems":true},"in2DMode":false,"pivot":{"x":-22.775094985961915,"y":-32.14851379394531,"z":139.98516845703126},"rotation":{"x":-0.10658757388591767,"y":0.01966916024684906,"z":-0.0021088754292577507,"w":-0.9941065311431885},"size":158.58609008789063,"orthographic":false}