{"cameraMode":{"drawMode":0,"name":"Shaded","section":"Shading Mode"},"sceneLighting":false,"audioPlay":false,"sceneViewState":{"showFog":false,"showMaterialUpdate":false,"showSkybox":false,"showFlares":false,"showImageEffects":false,"showParticleSystems":true},"in2DMode":false,"pivot":{"x":-0.689633309841156,"y":4.180000305175781,"z":-1.5164932012557984},"rotation":{"x":-0.09613402187824249,"y":0.02688121609389782,"z":-0.002596405567601323,"w":-0.9950019717216492},"size":11.265981674194336,"orthographic":false}