{"cameraMode":{"drawMode":0,"name":"Shaded","section":"Shading Mode"},"sceneLighting":true,"audioPlay":false,"sceneViewState":{"showFog":false,"showMaterialUpdate":false,"showSkybox":false,"showFlares":false,"showImageEffects":false,"showParticleSystems":true},"in2DMode":false,"pivot":{"x":19.082271575927736,"y":-1.002812385559082,"z":22.060131072998048},"rotation":{"x":-0.07372626662254334,"y":0.021537838503718377,"z":-0.0015925518237054349,"w":-0.9970446228981018},"size":40.84618377685547,"orthographic":false}